{"title":"Coumadin","thread":[{"content":"While my husband was on coumadin he would ejaculate blood. Is this normal ? He has stopped taking the medication about one week, how long could this problem continue?","author":"C Appignani","postID":"post3675932","date":"20080408-12:03:00 -0400","authorID":"http://www.healthboards.com/boards/members/c-appignani.html"},{"content":"Blood should be back to normal protime in about 5 days. If he keeps having this problem, he probably should see a urologist. Bill","author":"Bill 1950","postID":"post3702367","date":"20091208-19:15:00 -0500","authorID":"Bill 1950"}],"URL":"http://www.healthboards.com/boards/drug-interactions-side-effects/623306-coumadin.html"}